Angel Islington Argos,N1 0PS
"Ladbrokes, Caledonian Rd",N1 1EG
"Tesco, Essex Rd Islington Exp",N1 2EB
"Tesco, Southgate Rd Lon Exp",N1 3JE
"Tesco, Islington New Nth Rd Express",N1 8SY
"Tesco, PENTOVILLE RD LON",N1 9TT
"William Hill, Brecknock",N7 0BT
"Sainsburys Convenience, Islington Mercers Road Local",N7 6LE
"William Hill, Eagle",N7 7QP
"Sainsburys Convenience, 9D York Way",N7 9GY
Boots - Lond Kings Cross Station,N1C 4AP
Boots - London St Pancras Stn,N1C 4QL
The London Vape Co - Holloway Road,N7 8DL